,control,trial,covariance,p_value,sig_bins,total_bins,shuffled_ran,calculated_grid_spacing,grid_score,field_size,hd_score
0,False,8.0,50.0,0.08357287701541317,6.0,20.0,True,52.00755751402862,1.1624063798462267,5.206094181276915,0.080530177191324
1,False,19.0,130.0,0.0027175589195451984,19.0,60.0,True,49.63626467311542,0.6255520813783139,6.102092672891746,0.04261778071481959
2,False,2.0,140.0,0.04758980475953447,14.0,60.0,True,50.04983148806538,0.2644914064632128,6.464904349831043,0.03340473858045052
3,False,17.0,40.0,0.014378938734372038,7.0,40.0,True,52.00610391501713,1.1122244674644046,5.397206712473788,0.16194067470348125
4,False,10.0,20.0,0.01510260615919145,6.0,40.0,True,51.751255731711495,1.217001559350113,4.956852532935281,0.071207545089221
5,False,9.0,105.0,2.3487754249147602e-05,37.0,120.0,True,52.26452654889313,1.1616645302504265,5.536213331493574,0.15697506039165382
6,False,1.0,30.0,,,,False,51.013644652203126,1.1365851560966647,5.107857162049657,0.10732509172528186
7,False,6.0,75.0,0.002043518953152404,39.0,100.0,True,50.99670806677574,1.1144675322637383,5.536213331493574,0.1592230054291588
8,False,11.0,5.0,,,,False,49.2674219303216,1.0776198624195974,4.057670802551618,0.3979993879185531
9,False,2.0,25.0,,,,False,50.97065686465497,1.063934411751136,5.157209585242165,0.09374412552594498
10,False,15.0,20.0,0.014378938734372038,13.0,40.0,True,52.78389782106268,1.0988882632000152,4.956852532935281,0.09460007498245793
11,False,10.0,115.0,2.2346981053038265e-05,35.0,120.0,True,53.56907829743047,1.1789687328312135,5.443936646892927,0.013737821599251977
12,False,10.0,140.0,0.0027175589195451984,23.0,60.0,True,54.29361273366274,1.1530471814399272,5.671814154787007,0.016696869078938654
13,False,18.0,75.0,2.235870976719957e-05,32.0,120.0,True,51.901667980659866,0.9072933311947133,5.8908832442597845,0.10607770187040363
14,False,0.0,70.0,0.00042784556456992883,41.0,120.0,True,53.61716319952628,1.1080686011067897,5.847726009252572,0.12684010677404278
15,False,9.0,20.0,0.08357287701541317,3.0,20.0,True,52.57557710246205,1.139047400809164,5.058023217591067,0.1535285336055696
16,False,3.0,115.0,0.00010854035667974223,45.0,100.0,True,56.98081956644752,0.6997385918625874,5.847726009252572,0.01645044782103759
17,False,11.0,75.0,0.00011433460617645325,29.0,100.0,True,51.80461805428386,0.9698481384896903,5.3025115238676035,0.22483635808406577
18,False,18.0,5.0,,,,False,51.64634286620087,0.8215781712846167,4.529629089403834,0.2871784061753193
19,False,6.0,140.0,0.0027175589195451984,24.0,60.0,True,50.87819395334119,0.911195932315896,6.060439676322787,0.15961539264520289
20,False,1.0,85.0,0.00043032356619299394,33.0,120.0,True,50.63865797663978,1.0617072502014517,5.581779641836362,0.07946108010300104
21,False,4.0,115.0,0.00010854035667974223,30.0,100.0,True,52.435949934020485,0.3348953034034128,7.206046531677277,0.04489347935686592
22,False,14.0,75.0,2.3450897590837523e-05,48.0,120.0,True,52.0735860941252,1.1830841909773333,5.157209585242165,0.05337043475518013
23,False,12.0,70.0,0.00044330868386040846,33.0,120.0,True,51.65417897315028,1.0935030307266682,5.804247889354599,0.09214796156278401
24,False,7.0,115.0,0.000536299530926331,41.0,80.0,True,52.78233443892492,1.1205874078226037,5.581779641836362,0.22075798329352828
25,False,19.0,135.0,0.04751514313372961,15.0,60.0,True,49.74205664462758,0.6014324346597543,6.143463266494789,0.04492332338876914
26,False,17.0,140.0,0.08357287701541317,2.0,20.0,True,54.2219950267594,0.6261064527289466,7.379711119532835,0.05971823745386152
27,False,19.0,90.0,2.2335258194775122e-05,36.0,120.0,True,49.80918819912429,0.974409129450472,5.536213331493574,0.042181682717197
28,False,18.0,20.0,0.08357287701541317,6.0,20.0,True,51.78993325989532,1.0745021497595062,4.853573446116123,0.1531806045071008
29,False,13.0,80.0,0.005092840658489658,39.0,120.0,True,50.663061992052704,1.1079326118195607,5.157209585242165,0.03944091511544354
30,False,19.0,50.0,,,,False,50.00279904153432,1.067173608095588,5.397206712473788,0.04936454259886706
31,False,5.0,15.0,0.08357287701541317,6.0,20.0,True,52.10447953148069,1.0528586680207823,5.058023217591067,0.15672482725886272
32,False,11.0,120.0,0.000536299530926331,25.0,80.0,True,51.19516530640993,0.80837707500897,5.490268858042882,0.1893438274816691
33,False,14.0,105.0,2.353698220730025e-05,58.0,120.0,True,52.142038022814425,1.1866303029525715,5.3025115238676035,0.042838343413100305
34,False,8.0,45.0,0.08357287701541317,8.0,20.0,True,52.030415588446644,1.1618554105169197,5.206094181276915,0.08694655790419864
35,False,10.0,105.0,2.2346981053038265e-05,32.0,120.0,True,53.44890229890971,1.1845695794865003,5.397206712473788,0.013879618672777856
36,False,4.0,100.0,2.2335258194775122e-05,32.0,120.0,True,49.07709710471218,0.36247146059420454,6.845512941670714,0.038987286452174814
37,False,9.0,115.0,2.4955903304529582e-05,37.0,120.0,True,52.539200470270835,1.1447136255809551,5.671814154787007,0.15238323721621042
38,False,0.0,85.0,2.2335258194775122e-05,42.0,120.0,True,54.06842978412623,1.1022160982145242,5.8908832442597845,0.11605986153020416
39,False,16.0,75.0,0.00042632726948741464,33.0,120.0,True,54.43286695383571,0.9723099573087874,6.143463266494789,0.027304085298522986
40,False,12.0,100.0,0.0004498379205761268,36.0,120.0,True,50.7917107540659,1.055114960025181,5.933726595969213,0.08346354352185077
41,False,7.0,40.0,0.0027175589195451984,24.0,60.0,True,52.172241417002496,1.1823342366928833,5.3025115238676035,0.2731416798049637
42,False,12.0,50.0,0.0889606609008043,1.0,20.0,True,51.36299253122274,1.1143661188802976,5.626976975981913,0.08803778952856084
43,False,18.0,60.0,2.3426357066076453e-05,29.0,120.0,True,51.69966074603608,0.9900961466215256,5.716299653154471,0.11350096939227534
44,False,13.0,120.0,0.021671508380121537,36.0,100.0,True,50.58870755002552,1.039064099575525,5.206094181276915,0.029274805093878264
45,False,9.0,40.0,0.08357287701541317,3.0,20.0,True,52.30854027856965,1.17328271740213,5.397206712473788,0.14157833256061986
46,False,2.0,35.0,,,,False,51.35413329015927,1.0245967489901306,5.397206712473788,0.06183188736357518
47,False,6.0,45.0,,,,False,50.99670806677574,1.132408494863198,5.3025115238676035,0.16491555639435906
48,False,10.0,125.0,0.00010854035667974223,32.0,100.0,True,53.99025207729325,1.1698231487932682,5.626976975981913,0.01495357627018272
49,False,7.0,125.0,0.014378938734372038,19.0,40.0,True,53.10661720963111,1.0981962206205234,5.626976975981913,0.21683755346765324
50,False,1.0,20.0,,,,False,50.99996527646398,1.1448921920831152,4.853573446116123,0.1321970412484366
51,False,15.0,120.0,0.0027175589195451984,28.0,60.0,True,60.160684215008274,0.7724243806682731,6.184557124401271,0.04884191916307798
52,False,19.0,140.0,0.08357287701541317,4.0,20.0,True,49.408189948526946,0.5360212766914465,6.184557124401271,0.044921103037517576
53,False,15.0,75.0,0.00044606778474819256,34.0,120.0,True,56.177652144524544,1.0216395492950694,5.671814154787007,0.06050847100111001
54,False,11.0,60.0,2.2335258194775122e-05,41.0,120.0,True,51.682729948120226,0.9805249067418629,5.3025115238676035,0.2480079693803813
55,False,5.0,65.0,0.08357287701541317,6.0,20.0,True,53.32233792891444,1.0660085436745321,5.804247889354599,0.12223857450552297
56,False,13.0,125.0,0.00011447950895610617,40.0,100.0,True,50.444321341559835,1.0429271890408514,5.206094181276915,0.029831475134041472
57,False,18.0,45.0,0.014378938734372038,11.0,40.0,True,51.90342248001752,1.0317530952855543,5.490268858042882,0.12763125753592827
58,False,1.0,140.0,0.047403335363854666,17.0,60.0,True,49.87670146870688,0.9258988965167697,6.060439676322787,0.0662628720153794
59,False,10.0,5.0,,,,False,51.136024630255235,1.050915947395411,4.240814791583683,0.17237088205781184
60,False,13.0,135.0,0.0005371624717700695,29.0,80.0,True,50.591783864340904,1.0141733071718397,5.254524007228157,0.027354348360200818
61,False,1.0,55.0,,,,False,50.750755242656,1.1229295511673199,5.443936646892927,0.09034509974688056
62,False,6.0,105.0,0.0020456468275646916,47.0,100.0,True,51.13477208364781,1.0798862830766267,5.626976975981913,0.1559883971324744
63,False,18.0,10.0,,,,False,51.75922563366132,0.9966836189346647,4.6401240849784156,0.1949284406646935
64,False,4.0,15.0,0.08357287701541317,4.0,20.0,True,50.39111486295727,0.7857635994558374,5.107857162049657,0.11172818053231162
65,False,2.0,15.0,0.08357287701541317,5.0,20.0,True,51.5079127580119,1.034561532815117,4.853573446116123,0.11894082696078713
66,False,11.0,45.0,,,,False,51.144985369502734,1.0529916358354667,5.058023217591067,0.27111848744296885
67,False,10.0,145.0,0.0027175589195451984,23.0,60.0,True,54.29361273366274,1.1573398073859256,5.716299653154471,0.01750265675636823
68,False,16.0,140.0,0.2287309972433006,5.0,40.0,True,54.607744024272115,0.7440091026567379,7.3107403435858105,0.027894476764559157
69,False,19.0,75.0,4.871692543498487e-06,47.0,140.0,True,49.93554021779516,1.0063888994941195,5.443936646892927,0.04066662206308194
70,False,3.0,30.0,0.014378938734372038,12.0,40.0,True,53.221904750847045,1.0266661397052204,5.350068633107469,0.09794618289729987
71,False,16.0,80.0,2.3463177024575275e-05,33.0,120.0,True,54.37475372043971,0.9381678697222051,6.225379726827448,0.02626587746977874
72,False,12.0,105.0,0.0004486441505629272,34.0,120.0,True,51.0533915057692,1.0554955381988285,5.9762628149976855,0.08177825110648632
73,False,11.0,105.0,0.00010854035667974223,38.0,100.0,True,51.74146607749334,0.8490739750950959,5.443936646892927,0.19922130055779824
74,False,11.0,25.0,,,,False,49.98984474464231,1.084308155040196,4.853573446116123,0.3210947051922733
75,False,14.0,35.0,0.08357287701541317,13.0,20.0,True,51.800364251678786,1.1979303082671233,5.058023217591067,0.08607076944498958
76,False,4.0,140.0,0.014378938734372038,15.0,40.0,True,87.5785355653416,0.5643550338039224,7.549381815673055,0.05244416708264256
77,False,8.0,75.0,2.2346981053038265e-05,31.0,120.0,True,52.183325589010785,1.149825713188617,5.3025115238676035,0.06349265105252888
78,False,10.0,135.0,0.00010854035667974223,34.0,100.0,True,54.183468412503345,1.1585953577459214,5.671814154787007,0.018723819786858904
79,False,4.0,125.0,0.00010854035667974223,37.0,100.0,True,51.83985255275018,0.24566779772410757,7.3107403435858105,0.04866428442799891
80,False,9.0,100.0,2.356163298699515e-05,35.0,120.0,True,52.38717578926773,1.1543264941096574,5.490268858042882,0.15805887254945417
81,False,18.0,65.0,2.3450897590837523e-05,28.0,120.0,True,51.85222807143788,0.968264531353868,5.8908832442597845,0.10992672293616135
82,False,1.0,100.0,0.00044547520303622723,37.0,120.0,True,50.442507528135096,1.0107623957241194,5.760441618735983,0.07560451824064618
83,False,11.0,30.0,,,,False,50.46744875120538,1.067412866668907,4.905484799187051,0.30106659869536495
84,False,18.0,120.0,2.2335258194775122e-05,42.0,120.0,True,51.75925947762829,0.6360690516534335,6.425603655241478,0.09263878327361498
85,False,2.0,55.0,,,,False,51.29541117153386,0.9598056851466773,5.581779641836362,0.03872513874191109
86,False,14.0,145.0,0.08357287701541317,18.0,20.0,True,52.61113853502248,1.118346911255769,5.490268858042882,0.031343488839476734
87,False,4.0,25.0,0.08357287701541317,3.0,20.0,True,50.166280577792165,0.8216841049246713,5.443936646892927,0.07193084148563206
88,False,2.0,125.0,0.002213441819618329,16.0,100.0,True,50.567466080767716,0.4697387516245066,6.265936375467428,0.030418899023219603
89,False,13.0,105.0,2.3549304528025793e-05,47.0,120.0,True,50.60795803432459,1.0754154993389555,5.206094181276915,0.0317693994464488
90,False,8.0,80.0,2.235870976719957e-05,38.0,120.0,True,52.37840341062213,1.1376650393821883,5.3025115238676035,0.06034340095748557
91,False,19.0,45.0,,,,False,50.00279904153432,1.0729438588519782,5.397206712473788,0.053067151736327624
92,False,1.0,15.0,,,,False,50.185085135754726,1.0714423405776823,4.801100840289844,0.141941578683372
93,False,2.0,135.0,0.04758980475953447,15.0,60.0,True,50.33361048305275,0.3517262944082843,6.425603655241478,0.03326410500697487
94,False,15.0,125.0,0.0027175589195451984,26.0,60.0,True,60.650600732401294,0.7107468979700802,6.306232201530292,0.04556302735773739
95,False,0.0,35.0,,,,False,53.78111453795949,1.1710183240021486,5.3025115238676035,0.1695426964655174
96,False,15.0,135.0,0.014378938734372038,16.0,40.0,True,60.901403985177254,0.6369214484618335,6.346272173317913,0.03663573099142281
97,False,15.0,85.0,0.0011438700144467376,39.0,140.0,True,56.45101016128504,0.9995289275323866,5.760441618735983,0.06127916516723019
98,False,5.0,80.0,0.00010854035667974223,37.0,100.0,True,53.97242975012611,1.049192836089255,5.933726595969213,0.11999866546210168
99,False,5.0,95.0,0.00010854035667974223,38.0,100.0,True,54.26989495907833,0.9529536622558012,6.102092672891746,0.11842121495715022
100,False,7.0,50.0,0.0027175589195451984,24.0,60.0,True,52.345880551208054,1.1892605290922196,5.443936646892927,0.2699682561695246
101,False,3.0,130.0,0.000536299530926331,34.0,80.0,True,57.20610377542057,0.6144558059000372,5.8908832442597845,0.013747890780332225
102,False,2.0,40.0,,,,False,51.28576507855925,0.9947660662946596,5.397206712473788,0.053049738022002385
103,False,9.0,80.0,2.4748332066436374e-05,30.0,120.0,True,52.27881366145448,1.1680213409246776,5.443936646892927,0.1541842659083733
104,False,14.0,85.0,2.353698220730025e-05,49.0,120.0,True,52.0735860941252,1.1903497694512757,5.254524007228157,0.04948439102094791
105,False,17.0,95.0,0.00012041971828461404,26.0,100.0,True,53.391926736625024,1.0025329619239698,6.306232201530292,0.08110636225918635
106,False,17.0,45.0,0.014378938734372038,9.0,40.0,True,51.95996108371727,1.0912660392123323,5.443936646892927,0.1508627884534585
107,False,5.0,105.0,0.000536299530926331,35.0,80.0,True,54.42749155482328,0.9009806537163707,6.184557124401271,0.12046869340839698
108,False,17.0,90.0,0.00012072422799694495,21.0,100.0,True,53.391926736625024,1.015532809884893,6.184557124401271,0.0847136308227647
109,False,6.0,80.0,0.0011491481879440468,50.0,140.0,True,50.99948966767226,1.10056562091856,5.536213331493574,0.15625918686963658
110,False,10.0,35.0,0.015077127859415429,8.0,40.0,True,51.97577781240476,1.224368773895467,5.157209585242165,0.0492359429213613
111,False,1.0,110.0,2.3573967587094736e-05,39.0,120.0,True,50.163070956509,0.9973372565553726,5.760441618735983,0.07245579813594402
112,False,18.0,25.0,0.015179268716287764,7.0,40.0,True,52.228304580206064,1.055509788525129,5.157209585242165,0.146410114989755
113,False,9.0,90.0,2.4825978071528574e-05,32.0,120.0,True,52.225412147967,1.1807762885301791,5.443936646892927,0.15881576262018077
114,False,10.0,85.0,2.2335258194775122e-05,27.0,120.0,True,53.068907965326666,1.208893667353705,5.397206712473788,0.016868506067300004
115,False,8.0,55.0,0.08357287701541317,6.0,20.0,True,51.90804678737333,1.1611183718377895,5.254524007228157,0.07823290630758488
116,False,5.0,135.0,0.000536299530926331,34.0,80.0,True,56.183291940361144,0.6951596998781713,6.733589657823393,0.12206738421753802
117,False,14.0,25.0,0.08357287701541317,12.0,20.0,True,51.23218796801767,1.2147246000216843,4.905484799187051,0.10835972302875008
118,False,9.0,35.0,0.08357287701541317,4.0,20.0,True,52.510601571765186,1.1811964533900954,5.3025115238676035,0.13903090153896808
119,False,11.0,20.0,,,,False,49.7739962106712,1.0778033701054663,4.748048373850056,0.33632167808515684
120,False,9.0,110.0,2.3524666021933033e-05,37.0,120.0,True,52.405615316030364,1.1509525102727656,5.671814154787007,0.15424654125646295
121,False,0.0,115.0,2.2335258194775122e-05,53.0,120.0,True,54.14386708376903,1.0620901103934908,5.9762628149976855,0.10207433470083417
122,False,1.0,90.0,2.356163298699515e-05,37.0,120.0,True,50.58556467103189,1.049076388749741,5.581779641836362,0.07942787350875573
123,False,2.0,20.0,,,,False,51.04576562393323,1.0658757697471493,4.956852532935281,0.1059171194722348
124,False,16.0,85.0,9.421647528167204e-05,32.0,140.0,True,54.35430323423924,0.9274335926593573,6.265936375467428,0.02436938809917507
125,False,16.0,70.0,0.0004270857870597973,35.0,120.0,True,54.43647544552473,0.9723099573087874,6.102092672891746,0.02788931845742981
126,False,10.0,130.0,0.00010854035667974223,33.0,100.0,True,54.07187924427072,1.1561233362484384,5.626976975981913,0.016256724636760565
127,False,18.0,115.0,2.2335258194775122e-05,41.0,120.0,True,51.750972752359786,0.6570169745907185,6.425603655241478,0.09388021478430479
128,False,17.0,80.0,0.0001208767549671022,21.0,100.0,True,53.01249497397572,1.02574251737334,6.102092672891746,0.09038829946671299
129,False,15.0,145.0,0.014378938734372038,16.0,40.0,True,61.89263812754408,0.48267072049987,6.542797573583314,0.028649171983380455
130,False,9.0,70.0,2.4696696467225823e-05,28.0,120.0,True,52.227510348062665,1.1896377759700134,5.397206712473788,0.15223845354568885
131,False,3.0,135.0,0.000536299530926331,37.0,80.0,True,57.27085891722861,0.5904542486902358,5.9762628149976855,0.01144598969586982
132,False,4.0,70.0,0.00010854035667974223,25.0,100.0,True,49.69742519332379,0.5811768862556661,6.464904349831043,0.03024207633594976
133,False,4.0,130.0,0.00010854035667974223,41.0,100.0,True,52.375037982362954,0.2630407179327501,7.345306684512558,0.04936841654918976
134,False,11.0,130.0,0.0027175589195451984,14.0,60.0,True,51.204839169408615,0.7657653693286195,5.490268858042882,0.1847567638727887
135,False,2.0,115.0,0.0004722559622843831,25.0,120.0,True,50.69530090268246,0.5632466019355791,6.143463266494789,0.032246387342175956
136,False,8.0,120.0,2.2335258194775122e-05,50.0,120.0,True,52.50138222237334,1.1027643685521955,5.3025115238676035,0.04176582999336071
137,False,14.0,40.0,0.08357287701541317,13.0,20.0,True,51.800364251678786,1.2180626646195636,5.107857162049657,0.07470849705986782
138,False,13.0,100.0,0.0004482468847149543,44.0,120.0,True,50.67715912423423,1.0846253193266069,5.206094181276915,0.033824714640374086
139,False,6.0,25.0,,,,False,50.955281121547166,1.0914795602703586,5.058023217591067,0.18707835771582607
140,False,9.0,130.0,2.3549304528025793e-05,41.0,120.0,True,52.90746849888414,1.1353557999636976,5.760441618735983,0.1506915828116869
141,False,7.0,20.0,0.08357287701541317,8.0,20.0,True,52.26611776663324,1.1764387858855105,4.956852532935281,0.3310762301626751
142,False,1.0,145.0,0.04751514313372961,16.0,60.0,True,49.803634925089746,0.9095047361295108,6.184557124401271,0.06517355705484337
143,False,9.0,15.0,0.08357287701541317,4.0,20.0,True,52.23903512153507,1.1411890081220253,4.853573446116123,0.15436505079614976
144,False,6.0,115.0,0.04747784926670927,23.0,60.0,True,50.799468147625944,1.0355423896217861,5.671814154787007,0.15653003083075354
145,False,15.0,110.0,0.0027175589195451984,26.0,60.0,True,57.77313175301528,0.8763834868780612,6.102092672891746,0.052479090643485146
146,False,15.0,15.0,0.015026284807867817,10.0,40.0,True,52.25265309001797,1.131230028956788,4.853573446116123,0.11165764462020356
147,False,18.0,135.0,0.000536299530926331,30.0,80.0,True,51.445441616191744,0.5125351195996924,6.542797573583314,0.09027459871907619
148,False,6.0,125.0,0.0027175589195451984,26.0,60.0,True,50.946275980540605,0.9963152873231274,5.847726009252572,0.15930013377751728
149,False,3.0,110.0,0.00010854035667974223,42.0,100.0,True,57.0289042687239,0.7158817619584805,5.847726009252572,0.017350092727158616
150,False,12.0,55.0,0.08357287701541317,4.0,20.0,True,51.36299253122274,1.1173565595004493,5.716299653154471,0.08964388180398997
151,False,11.0,65.0,0.00010854035667974223,29.0,100.0,True,51.67644626529943,0.9682284151277342,5.3025115238676035,0.24067948539807374
152,False,10.0,15.0,0.08357287701541317,2.0,20.0,True,51.76795574265374,1.2121359933661777,4.748048373850056,0.07932998504773649
153,False,13.0,60.0,,,,False,50.52669468419086,1.1213129637576755,5.107857162049657,0.047871440605941715
154,False,3.0,10.0,,,,False,52.01803993114224,0.9801586178528827,4.801100840289844,0.1955839261252703
155,False,12.0,20.0,0.08357287701541317,4.0,20.0,True,50.86367832355965,1.0927041945859348,5.206094181276915,0.12773805514036937
156,False,19.0,115.0,0.0027175589195451984,17.0,60.0,True,49.876429948672794,0.8219774887216973,5.804247889354599,0.04054021700603434
157,False,2.0,5.0,,,,False,51.62031326601884,0.9221031746432262,4.529629089403834,0.187667025871473
158,False,9.0,135.0,0.0005677383745754876,26.0,80.0,True,52.90746849888414,1.1353557999636976,5.760441618735983,0.150208252961614
159,False,0.0,75.0,2.3524666021933033e-05,43.0,120.0,True,54.015221212711054,1.0994281056606638,5.8908832442597845,0.12279161286927075
160,False,16.0,130.0,0.000566829763759755,19.0,80.0,True,55.05582557578223,0.8199721096867265,7.064041544601175,0.02735919017637158
161,False,3.0,40.0,0.014378938734372038,14.0,40.0,True,53.912881416571764,1.0495845549051297,5.443936646892927,0.07307772556064149
162,False,3.0,80.0,2.2335258194775122e-05,37.0,120.0,True,55.16512380823704,0.9393189733339375,5.760441618735983,0.03362308687599161
163,False,5.0,20.0,0.08357287701541317,7.0,20.0,True,52.74881354933793,1.0622654886897827,5.254524007228157,0.14934412507898065
164,False,4.0,75.0,0.00010854035667974223,22.0,100.0,True,49.69742519332379,0.5631003228416875,6.464904349831043,0.03025008594897154
165,False,2.0,130.0,0.04770198210946174,14.0,60.0,True,50.58487352629228,0.42650990822578955,6.346272173317913,0.03187293543554969
166,False,17.0,65.0,0.00011447950895610617,19.0,100.0,True,52.81545585747935,1.0470652179817344,5.933726595969213,0.11143918145190279
167,False,17.0,135.0,0.08357287701541317,3.0,20.0,True,53.9725555649983,0.6933002300665791,7.099809072226031,0.06212088202139146
168,False,9.0,10.0,,,,False,52.13617538962346,1.0844229168143051,4.585209439685944,0.18004672438875763
169,False,13.0,95.0,0.000428797061176247,43.0,120.0,True,50.67715912423423,1.0851540437569687,5.206094181276915,0.036678434175921384
170,False,17.0,50.0,0.0027175589195451984,12.0,60.0,True,52.0772315278919,1.081766768350093,5.671814154787007,0.1383345502009851
171,False,4.0,60.0,0.08357287701541317,2.0,20.0,True,50.42081345529756,0.6961061460934813,6.225379726827448,0.026646551204162476
172,False,6.0,145.0,0.01440337435744516,15.0,40.0,True,50.9918381656236,0.9052816251145501,6.060439676322787,0.15883714566606005
173,False,3.0,125.0,0.000536299530926331,35.0,80.0,True,57.18034878891471,0.6145791345417024,5.8908832442597845,0.014699543549293481
174,False,12.0,110.0,0.00044943966824374245,39.0,120.0,True,51.06795866356478,1.0260809065349934,6.01849841340311,0.07865221934243445
175,False,5.0,120.0,0.000536299530926331,35.0,80.0,True,54.99459614094338,0.8154600311944279,6.425603655241478,0.12046207499121331
176,False,5.0,40.0,0.08357287701541317,7.0,20.0,True,52.81671749184603,1.0898866244946679,5.490268858042882,0.12615694376709669
177,False,4.0,145.0,0.014378938734372038,18.0,40.0,True,87.6834124162233,0.5623529671891675,7.6824208080306144,0.05209495979621127
178,False,7.0,85.0,4.650663710441662e-06,62.0,140.0,True,52.63760521622192,1.1510201067045127,5.536213331493574,0.2439165948263252
179,False,3.0,120.0,0.00010854035667974223,47.0,100.0,True,56.99470523808351,0.6518098284339622,5.8908832442597845,0.015154855456177401
180,False,12.0,85.0,0.0004289875974276592,33.0,120.0,True,51.35955239436575,1.069137661816701,5.804247889354599,0.08623009051105049
181,False,8.0,10.0,0.08357287701541317,7.0,20.0,True,51.437747063328544,1.0743524260118749,4.694396387418564,0.17599864149975447
182,False,4.0,120.0,0.00010854035667974223,35.0,100.0,True,52.48183589905775,0.321101180164956,7.276009789240356,0.04594262359856895
183,False,15.0,45.0,0.014378938734372038,16.0,40.0,True,54.54044116419803,1.0906106302031642,5.397206712473788,0.06596066161504849
184,False,2.0,30.0,,,,False,51.25570244557133,1.047890311301138,5.3025115238676035,0.0726869608277988
185,False,6.0,110.0,0.00011447950895610617,45.0,100.0,True,50.8970702404518,1.0626535220978848,5.626976975981913,0.1567623207998343
186,False,16.0,90.0,9.425289716286595e-05,38.0,140.0,True,54.28413852993408,0.9204682925644967,6.346272173317913,0.022996891017849866
187,False,5.0,25.0,0.08357287701541317,6.0,20.0,True,52.582099466142616,1.0516626449991802,5.3025115238676035,0.13946883406846067
188,False,18.0,70.0,0.0004276555019680641,27.0,120.0,True,51.901789291303274,0.9523171499036919,5.8908832442597845,0.10958592459248141
189,False,18.0,15.0,0.08357287701541317,6.0,20.0,True,51.86638935672552,1.0098742245590029,4.853573446116123,0.17888227989811342
190,False,19.0,125.0,0.0027175589195451984,17.0,60.0,True,49.96232046713214,0.6911097351681948,5.9762628149976855,0.04181567247573951
191,False,5.0,75.0,0.00010854035667974223,36.0,100.0,True,53.43110703635919,1.0662620937237524,5.847726009252572,0.11766021889662337
192,False,15.0,140.0,0.014378938734372038,17.0,40.0,True,61.492191370077066,0.5489738004741916,6.425603655241478,0.031606457070152624
193,False,14.0,115.0,2.3573967587094736e-05,56.0,120.0,True,52.383518004310744,1.153206036508327,5.397206712473788,0.03988660133897713
194,False,2.0,10.0,0.08357287701541317,7.0,20.0,True,51.805164826722994,1.0165147042790292,4.694396387418564,0.13548590341774533
195,False,0.0,30.0,,,,False,53.32545232128284,1.164536357001566,5.157209585242165,0.18816775300645203
196,False,8.0,110.0,2.2346981053038265e-05,46.0,120.0,True,52.48225525215247,1.1008568010868656,5.254524007228157,0.04641982373587536
197,False,7.0,55.0,0.0027175589195451984,31.0,60.0,True,52.27221850272167,1.1999017940681027,5.443936646892927,0.264171232614095
198,False,1.0,105.0,0.0004484454765822396,37.0,120.0,True,50.322017200495566,0.9983069151864399,5.760441618735983,0.0763557131997547
199,False,4.0,35.0,0.08357287701541317,3.0,20.0,True,50.33726949797577,0.8073293685038121,5.760441618735983,0.04434278661884088
200,False,5.0,145.0,0.014378938734372038,18.0,40.0,True,56.53852289889148,0.6301114736649676,7.099809072226031,0.11973093305387308
201,False,8.0,95.0,2.2346981053038265e-05,46.0,120.0,True,52.34834791153888,1.1194893627889115,5.3025115238676035,0.051828343664944924
202,False,0.0,130.0,0.08357287701541317,11.0,20.0,True,54.34828630439564,1.0474346067054912,6.143463266494789,0.1030393854051
203,False,19.0,40.0,,,,False,50.00279904153432,1.0854731264880373,5.350068633107469,0.05826151744141608
204,False,12.0,145.0,0.015307801319611411,3.0,40.0,True,50.97205540985935,0.9364668196493873,6.225379726827448,0.08011520388666012
205,False,19.0,105.0,0.00010854035667974223,35.0,100.0,True,49.87585846322793,0.8916032420570237,5.716299653154471,0.03961098282861477
206,False,5.0,45.0,0.08357287701541317,7.0,20.0,True,52.93390465002493,1.0714243470147993,5.536213331493574,0.12993939423520057
207,False,8.0,65.0,2.2335258194775122e-05,31.0,120.0,True,52.152173893809355,1.144744067980112,5.254524007228157,0.07032980836149555
208,False,4.0,30.0,0.08357287701541317,3.0,20.0,True,50.35435177982048,0.8174377622553818,5.536213331493574,0.055003072119457694
209,False,16.0,135.0,0.015282018412087333,8.0,40.0,True,55.04127884146415,0.7602647895869921,7.135397310611003,0.02680408116787672
210,False,9.0,30.0,0.08357287701541317,4.0,20.0,True,52.510601571765186,1.1796437650222305,5.254524007228157,0.13817249658445946
211,False,12.0,30.0,0.08357287701541317,2.0,20.0,True,51.14378073469324,1.1299832818716316,5.397206712473788,0.10246497803925331
212,False,3.0,5.0,,,,False,52.073752359346706,0.8431704361330583,4.585209439685944,0.27457922605528345
213,False,7.0,70.0,2.2335258194775122e-05,52.0,120.0,True,52.712767382314695,1.198023761363543,5.490268858042882,0.2575909476470356
214,False,10.0,25.0,0.015230567271449825,6.0,40.0,True,51.80076478857228,1.2226777593703857,5.007693376343903,0.06303643949094663
215,False,7.0,95.0,4.650663710441662e-06,63.0,140.0,True,52.74887740691605,1.1353383545573266,5.581779641836362,0.23781704785417637
216,False,1.0,70.0,0.0004486441505629272,30.0,120.0,True,50.81631990756058,1.1019785433564313,5.443936646892927,0.08207582707621376
217,False,7.0,80.0,4.650663710441662e-06,57.0,140.0,True,52.63760521622192,1.1456679172189426,5.536213331493574,0.2508060804067259
218,False,16.0,125.0,0.009799571133987007,19.0,80.0,True,54.873565415524425,0.8219203177364605,6.919122724088987,0.026186468031479306
219,False,16.0,120.0,0.0005654693863346475,18.0,80.0,True,54.99576567921784,0.8435354898255427,6.845512941670714,0.02624803348349126
220,False,2.0,95.0,0.0004697606548913069,26.0,120.0,True,50.83277814182413,0.711677773225563,5.9762628149976855,0.03230662445191306
221,False,7.0,120.0,0.0027175589195451984,36.0,60.0,True,52.849453250335884,1.1138738561282615,5.626976975981913,0.21907602425751876
222,False,14.0,50.0,0.08357287701541317,15.0,20.0,True,51.528994623939454,1.2134598622442776,5.107857162049657,0.06347619662601801
223,False,8.0,15.0,0.08357287701541317,8.0,20.0,True,51.81293246719068,1.169752188919484,4.853573446116123,0.1475716434973296
224,False,16.0,105.0,0.0005654693863346475,21.0,80.0,True,54.57103898167915,0.878622312329775,6.542797573583314,0.024995646158913958
225,False,5.0,100.0,0.00010854035667974223,38.0,100.0,True,54.303210057043856,0.9513401984578933,6.102092672891746,0.12015704019036409
226,False,18.0,125.0,0.000536299530926331,30.0,80.0,True,51.58357559971364,0.6132866285099008,6.503967571465592,0.09113037080354808
227,False,6.0,55.0,,,,False,51.16874040089806,1.1183589173397768,5.443936646892927,0.1661146807960358
228,False,19.0,95.0,2.2335258194775122e-05,36.0,120.0,True,49.9345562582798,0.9251398720782413,5.626976975981913,0.041926305222230724
229,False,16.0,60.0,0.002876089614146881,12.0,60.0,True,54.497024821397986,0.9961336927531905,5.9762628149976855,0.030699393263282592
230,False,8.0,25.0,0.08357287701541317,7.0,20.0,True,51.88893122268382,1.1826486123765103,5.007693376343903,0.11247762700571898
231,False,0.0,125.0,0.08357287701541317,8.0,20.0,True,54.30116080934299,1.0460610805141615,6.060439676322787,0.10376153328073842
232,False,6.0,85.0,0.0020413931097160234,40.0,100.0,True,50.87233854337384,1.103889602761384,5.536213331493574,0.15382185378986848
233,False,16.0,15.0,0.08357287701541317,4.0,20.0,True,52.499375206144606,1.1215086565701624,4.853573446116123,0.10473943395464518
234,False,1.0,5.0,,,,False,50.46400823591895,1.031435278575626,4.358637623494104,0.1594872709182663
235,False,12.0,140.0,0.23566625739202485,1.0,40.0,True,51.070870529703605,0.9304468342449841,6.225379726827448,0.07954823719835191
236,False,8.0,85.0,2.2335258194775122e-05,39.0,120.0,True,52.31677824887726,1.1360361456698091,5.3025115238676035,0.057384860902553896
237,False,19.0,35.0,,,,False,50.00279904153432,1.0912060574675027,5.206094181276915,0.06569489568812267
238,False,7.0,135.0,0.014378938734372038,18.0,40.0,True,53.3097825547964,1.1094379865346786,5.671814154787007,0.20930295357188444
239,False,6.0,30.0,,,,False,50.96624484822115,1.0760115614964727,5.3025115238676035,0.18194573762702382
240,False,11.0,50.0,,,,False,51.30431226926533,1.0238607054704818,5.157209585242165,0.26010765912910705
241,False,2.0,45.0,,,,False,51.21338964991919,0.9752549388127054,5.490268858042882,0.05033889796265678
242,False,17.0,115.0,0.000565922507278108,23.0,80.0,True,53.61243066885532,0.8562713980392613,6.695866169640375,0.07167081944398979
243,False,19.0,80.0,4.650663710441662e-06,50.0,140.0,True,50.00539229924058,0.9781972818628298,5.490268858042882,0.04105932420933844
244,False,4.0,45.0,0.08357287701541317,2.0,20.0,True,50.108103265675666,0.7805576851438979,5.9762628149976855,0.034425670880332354
245,False,19.0,70.0,5.109580891128922e-06,45.0,140.0,True,50.017355536641475,1.0114552220354784,5.443936646892927,0.04110154354334642
246,False,16.0,30.0,0.04929594371409369,5.0,60.0,True,53.47466684710355,1.106583237202165,5.397206712473788,0.0601919299701664
247,False,0.0,145.0,,,,False,54.65246475719457,1.0435643286708771,6.346272173317913,0.10136074967531654
248,False,19.0,25.0,,,,False,50.031542578971724,1.056649223090333,5.007693376343903,0.06780656953337967
249,False,14.0,110.0,0.0004297505332049924,57.0,120.0,True,52.28341886966209,1.1616648903640212,5.350068633107469,0.040056107903256845
250,False,11.0,80.0,0.00010860931882296261,32.0,100.0,True,51.869684555519555,0.9539836469463288,5.350068633107469,0.22140939718051086
251,False,3.0,60.0,0.0027175589195451984,21.0,60.0,True,54.542822281388496,1.0345053334833758,5.671814154787007,0.04944663641342973
252,False,15.0,30.0,0.014378938734372038,14.0,40.0,True,53.6156434018179,1.1110681438014727,5.206094181276915,0.07927756667280857
253,False,11.0,90.0,0.00010860931882296261,32.0,100.0,True,51.965723112120166,0.9016532319436925,5.443936646892927,0.20997955247261027
254,False,9.0,85.0,2.4696696467225823e-05,29.0,120.0,True,51.98390608907785,1.1883937643137368,5.443936646892927,0.15596900459921453
255,False,6.0,70.0,0.002042455777670682,37.0,100.0,True,51.16874040089806,1.1207633026626036,5.490268858042882,0.16029226771223465
256,False,1.0,60.0,0.0004427195241543733,27.0,120.0,True,50.827289933732054,1.1215772903498331,5.443936646892927,0.08526101898442584
257,False,4.0,105.0,0.00010854035667974223,31.0,100.0,True,48.747356141774546,0.3119614797171778,6.8824162437906145,0.03972727289053633
258,False,16.0,50.0,0.04751514313372961,9.0,60.0,True,54.11803285262822,1.0006972892878931,5.847726009252572,0.0341461420132094
259,False,18.0,40.0,0.014378938734372038,8.0,40.0,True,52.04987128043023,1.0220320349704566,5.490268858042882,0.13236345294990184
260,False,13.0,15.0,,,,False,50.51355846030789,1.1176594621993405,4.748048373850056,0.13541831849401617
261,False,4.0,80.0,0.00010854035667974223,22.0,100.0,True,49.69742519332379,0.5749582436354292,6.464904349831043,0.0302836111259025
262,False,0.0,25.0,0.08357287701541317,8.0,20.0,True,53.02024017512232,1.1833920898144632,5.007693376343903,0.20288424070262995
263,False,1.0,130.0,0.010308767570622532,19.0,80.0,True,50.10510610637576,0.9557479230458787,5.933726595969213,0.06802700304361323
264,False,8.0,130.0,2.2335258194775122e-05,49.0,120.0,True,52.50138222237334,1.0744369277188521,5.3025115238676035,0.040622873075779435
265,False,10.0,40.0,0.014378938734372038,8.0,40.0,True,52.062817782722846,1.2036155533403212,5.206094181276915,0.04947081130296527
266,False,16.0,35.0,0.04755246162729869,9.0,60.0,True,53.73047920683412,1.0674360297913135,5.443936646892927,0.04727822800658174
267,False,13.0,30.0,,,,False,50.34497797764302,1.1867310901289312,4.956852532935281,0.07016404100988774
268,False,12.0,75.0,0.00042936890710167645,34.0,120.0,True,51.682485601471875,1.0861085859725224,5.804247889354599,0.0891363648296124
269,False,15.0,95.0,0.0020456468275646916,30.0,100.0,True,57.04388883494089,0.9528691896128703,5.847726009252572,0.057060961428988186
270,False,4.0,5.0,,,,False,50.750201585477086,0.714610137519217,4.585209439685944,0.22474456875961207
271,False,12.0,25.0,0.08357287701541317,3.0,20.0,True,51.01015766936868,1.1132504921068285,5.350068633107469,0.10673358546601272
272,False,7.0,25.0,0.014378938734372038,12.0,40.0,True,52.04572611682494,1.1991605106311916,5.007693376343903,0.31066480938145546
273,False,6.0,120.0,0.0028792193688574694,26.0,60.0,True,51.02352575779949,1.0281375217499937,5.760441618735983,0.15919501120348772
274,False,10.0,55.0,0.08357287701541317,8.0,20.0,True,52.52088655024931,1.1938838909904295,5.397206712473788,0.033084397900107546
275,False,5.0,90.0,0.0004282259264027666,39.0,120.0,True,54.173766108435245,0.9903996107985382,6.060439676322787,0.11693265833339667
276,False,16.0,40.0,0.0028604873756993047,11.0,60.0,True,53.823257907452216,1.04528034125694,5.626976975981913,0.04389751056868016
277,False,13.0,115.0,0.00011469718792616556,40.0,100.0,True,50.58870755002552,1.039064099575525,5.206094181276915,0.030436150028875668
278,False,8.0,30.0,0.08357287701541317,6.0,20.0,True,51.57714170802735,1.1915107289341256,5.058023217591067,0.10234966938138357
279,False,6.0,60.0,,,,False,51.16874040089806,1.1116176892545848,5.490268858042882,0.16171972087242756
280,False,3.0,145.0,0.08357287701541317,10.0,20.0,True,57.36870080016041,0.5077435580163141,6.102092672891746,0.009500163711872471
281,False,16.0,65.0,0.0004280357060381352,28.0,120.0,True,54.4825317412199,0.981852863534428,6.01849841340311,0.031118490867788087
282,False,1.0,35.0,,,,False,50.894353415014066,1.1334041073126992,5.254524007228157,0.10368956688295465
283,False,1.0,45.0,,,,False,50.76169708469044,1.1266342090682744,5.397206712473788,0.09395025713419033
284,False,5.0,60.0,0.08357287701541317,6.0,20.0,True,53.22476562561657,1.064159553985063,5.671814154787007,0.12409526058042399
285,False,7.0,35.0,0.0027175589195451984,26.0,60.0,True,52.053709441000024,1.1645419691545171,5.254524007228157,0.27859654230428704
286,False,10.0,75.0,2.3549304528025793e-05,23.0,120.0,True,52.981387636050655,1.1976990860410763,5.397206712473788,0.021217394079553566
287,False,11.0,100.0,0.00010854035667974223,34.0,100.0,True,51.95266833959201,0.8777324622160729,5.443936646892927,0.20160773285859507
288,False,13.0,45.0,,,,False,50.44431526707983,1.1610086176161154,5.007693376343903,0.05810852450416542
289,False,6.0,65.0,,,,False,51.16874040089806,1.1207633026626036,5.490268858042882,0.16170403484293072
290,False,11.0,145.0,0.0027175589195451984,13.0,60.0,True,50.704557399481246,0.6508691117986267,5.626976975981913,0.16888146346027014
291,False,14.0,130.0,0.014378938734372038,29.0,40.0,True,52.496427041531604,1.1442974150874572,5.443936646892927,0.03508249286558747
292,False,17.0,70.0,0.00012072422799694495,17.0,100.0,True,52.926378840479984,1.030605005206878,5.9762628149976855,0.10176371853412709
293,False,11.0,70.0,2.2335258194775122e-05,43.0,120.0,True,51.80461805428386,0.9777320027062735,5.3025115238676035,0.23324909233475258
294,False,13.0,90.0,0.0004474533377562985,45.0,120.0,True,50.56663824335285,1.089879473595945,5.157209585242165,0.037474206095583704
295,False,9.0,45.0,0.08357287701541317,4.0,20.0,True,52.230672173494014,1.1716242106043038,5.397206712473788,0.14552473814198938
296,False,8.0,60.0,2.2335258194775122e-05,32.0,120.0,True,52.152173893809355,1.144744067980112,5.254524007228157,0.0726169787834736
297,False,12.0,90.0,0.0004284162256939236,35.0,120.0,True,51.20091745140401,1.0719034110939825,5.847726009252572,0.08564402638306769
298,False,12.0,130.0,0.04747784926670927,8.0,60.0,True,51.225852791260266,0.9770960299420368,6.01849841340311,0.07949573282759377
299,False,12.0,65.0,0.0004284162256939236,32.0,120.0,True,51.36299253122274,1.102066929088503,5.760441618735983,0.09070657379654441
300,False,8.0,40.0,0.08357287701541317,6.0,20.0,True,51.911203399676886,1.1700657987598693,5.206094181276915,0.09380277817289254
301,False,13.0,85.0,0.00044943966824374245,43.0,120.0,True,50.66239332360272,1.1052904763406814,5.157209585242165,0.03906635920701739
302,False,9.0,140.0,0.0028636016278173024,19.0,60.0,True,53.125211736057274,1.1176204669147132,5.804247889354599,0.1501786556114992
303,False,2.0,90.0,0.000467690633662018,24.0,120.0,True,50.96124382294818,0.771144969341534,5.9762628149976855,0.031069784888254418
304,False,3.0,20.0,0.014378938734372038,12.0,40.0,True,52.30944592349894,1.0427467782645097,5.107857162049657,0.12369945244260055
305,False,2.0,105.0,0.00046789725219162663,26.0,120.0,True,50.83277814182413,0.6708865235901035,5.9762628149976855,0.03215623417559865
306,False,2.0,60.0,0.0004446862369967942,21.0,120.0,True,51.047497621629205,0.936511059147939,5.581779641836362,0.03575023309558876
307,False,2.0,85.0,0.000444292243237368,24.0,120.0,True,50.96124382294818,0.8049895258109973,5.9762628149976855,0.029235855122827496
308,False,0.0,15.0,,,,False,52.43487835348912,1.1889969616102924,4.748048373850056,0.24990028626939997
309,False,8.0,125.0,2.2335258194775122e-05,48.0,120.0,True,52.50138222237334,1.070438848149185,5.3025115238676035,0.040563491193481155
310,False,11.0,85.0,0.00010854035667974223,33.0,100.0,True,51.8617372726731,0.9365316779407754,5.350068633107469,0.21334821665218465
311,False,7.0,105.0,4.650663710441662e-06,63.0,140.0,True,52.74887740691605,1.1091026759693332,5.581779641836362,0.22776725941915252
312,False,17.0,30.0,0.015230567271449825,4.0,40.0,True,51.307266292776234,1.1312182544992633,5.206094181276915,0.1890933112060745
313,False,13.0,70.0,0.005037350147968669,37.0,120.0,True,50.613498165749675,1.1075607457339252,5.157209585242165,0.04149115534029615
314,False,10.0,120.0,2.235870976719957e-05,34.0,120.0,True,53.67184916252327,1.1665854355085594,5.536213331493574,0.015131927856416412
315,False,2.0,50.0,,,,False,51.21338964991919,0.9602174964176585,5.490268858042882,0.044853616120776076
316,False,11.0,125.0,0.000536299530926331,24.0,80.0,True,51.13319227299357,0.8105686227049338,5.490268858042882,0.18752351789651864
317,False,3.0,50.0,0.0027175589195451984,17.0,60.0,True,54.1930427050817,1.0365625841582218,5.581779641836362,0.05504438505891847
318,False,2.0,75.0,0.000445870175812386,22.0,120.0,True,50.9192584320038,0.8596531252416498,5.804247889354599,0.03189866278224252
319,False,15.0,130.0,0.014378938734372038,15.0,40.0,True,60.828338416510576,0.6674211098036361,6.306232201530292,0.04139814139951129
320,False,12.0,60.0,0.08357287701541317,3.0,20.0,True,51.36299253122274,1.1180427603511982,5.716299653154471,0.08848758394123915
321,False,11.0,35.0,,,,False,50.62677566583028,1.0812686617402034,4.956852532935281,0.28586087089726125
322,False,17.0,35.0,0.015077127859415429,7.0,40.0,True,51.629829061429064,1.1112065465478835,5.350068633107469,0.17369498583478954
323,False,16.0,145.0,0.22896769888351842,7.0,40.0,True,54.64643752250318,0.7036729101521322,7.413955902618267,0.02914085342938747
324,False,3.0,25.0,0.01440337435744516,11.0,40.0,True,52.83752958868764,1.0503873651968836,5.206094181276915,0.11107200716660465
325,False,7.0,65.0,2.2335258194775122e-05,48.0,120.0,True,52.712767382314695,1.1956477182751994,5.490268858042882,0.2595780386870588
326,False,15.0,55.0,0.014378938734372038,14.0,40.0,True,54.89279468337223,1.105722867584498,5.443936646892927,0.06336712381365407
327,False,12.0,125.0,0.049681976218621283,7.0,60.0,True,51.22388151582257,1.0105925347471825,6.01849841340311,0.07948027343653526
328,False,7.0,90.0,4.650663710441662e-06,59.0,140.0,True,52.74887740691605,1.1451132661024417,5.536213331493574,0.24059845388443635
329,False,1.0,125.0,0.010130146153165284,19.0,80.0,True,50.17130013850634,0.9675662211583228,5.8908832442597845,0.06929358853277288
330,False,12.0,135.0,0.047403335363854666,8.0,60.0,True,51.070870529703605,0.952196863231743,6.184557124401271,0.07952201775917468
331,False,5.0,130.0,0.000536299530926331,36.0,80.0,True,55.75389913825525,0.7306121029190749,6.657928945514723,0.12215048062464787
332,False,8.0,35.0,0.08357287701541317,7.0,20.0,True,51.76461150140283,1.199317312414025,5.157209585242165,0.10033283912631205
333,False,12.0,15.0,0.08357287701541317,5.0,20.0,True,51.136024630255235,1.072090045957107,5.107857162049657,0.15492781073757053
334,False,17.0,75.0,0.0020467115269292885,16.0,100.0,True,52.97726039108055,1.0219491817172317,6.01849841340311,0.0957165636739171
335,False,13.0,65.0,0.005041032438960962,35.0,120.0,True,50.53250657542392,1.1288030445060335,5.107857162049657,0.04279889112237701
336,False,9.0,145.0,0.015282018412087333,7.0,40.0,True,53.150497848888406,1.1194221974561338,5.804247889354599,0.14956144033677604
337,False,4.0,40.0,0.08357287701541317,3.0,20.0,True,50.324114951631955,0.7936098112128609,5.8908832442597845,0.04068723268094305
338,False,13.0,5.0,,,,False,51.192170137165746,1.026959476182259,4.529629089403834,0.264561196777567
339,False,17.0,20.0,0.2284944698744361,5.0,40.0,True,50.83083391460241,1.1215793982829596,4.905484799187051,0.22872377034498134
340,False,9.0,125.0,2.3598655222237656e-05,41.0,120.0,True,52.76946853975396,1.1507751527248615,5.716299653154471,0.15059954476056248
341,False,11.0,40.0,,,,False,50.968072781692925,1.0714836173466726,4.956852532935281,0.2744715271790382
342,False,0.0,120.0,0.00010854035667974223,46.0,100.0,True,54.30116080934299,1.0548263749767892,6.01849841340311,0.10268800509923286
343,False,9.0,60.0,0.08357287701541317,5.0,20.0,True,52.37025355921148,1.184865263967595,5.397206712473788,0.14698493046637187
344,False,12.0,5.0,,,,False,51.51552792044498,1.0282503976663036,4.748048373850056,0.20959051294509753
345,False,1.0,135.0,0.010244654952048378,18.0,80.0,True,49.98639313493187,0.9410810364338068,6.01849841340311,0.06680818160684641
346,False,10.0,95.0,2.3611008263060468e-05,24.0,120.0,True,53.32141177534672,1.1951988165119123,5.397206712473788,0.014436728783414956
347,False,1.0,40.0,,,,False,50.813831645167326,1.1335758219062546,5.350068633107469,0.10376169513631588
348,False,13.0,40.0,,,,False,50.38061417841572,1.1756921236070175,5.007693376343903,0.059972160548969575
349,False,17.0,10.0,,,,False,50.94594044751835,1.0712282680193372,4.416370438623782,0.2640774925112367
350,False,19.0,60.0,2.235870976719957e-05,44.0,120.0,True,50.17053342784186,1.052550509710187,5.397206712473788,0.04256453730681869
351,False,0.0,55.0,0.08357287701541317,6.0,20.0,True,53.73808044363592,1.1090484432677574,5.536213331493574,0.1484276126844972
352,False,4.0,20.0,0.08357287701541317,4.0,20.0,True,50.332020104119046,0.8146449460275682,5.397206712473788,0.09096040266821652
353,False,10.0,30.0,0.015153676540762776,7.0,40.0,True,52.028920389302954,1.2209361236689338,5.058023217591067,0.05345464398061937
354,False,16.0,115.0,0.000566829763759755,20.0,80.0,True,54.9276282065579,0.8490614619312765,6.7711029823920015,0.025392842916805124
355,False,7.0,45.0,0.0027175589195451984,27.0,60.0,True,52.172241417002496,1.183602187800559,5.397206712473788,0.2693979926534357
356,False,2.0,80.0,0.0004478499471958602,23.0,120.0,True,50.9192584320038,0.8324184016347657,5.847726009252572,0.03177329068947549
357,False,19.0,30.0,,,,False,49.95541136416609,1.090505698019574,5.157209585242165,0.06552186060652795
358,False,7.0,145.0,0.014378938734372038,19.0,40.0,True,53.11267410116162,1.0663549719867085,5.847726009252572,0.1979456641733107
359,False,14.0,5.0,,,,False,50.831001144774255,1.0266722540632431,4.585209439685944,0.2697018549826982
360,False,17.0,25.0,0.2284944698744361,4.0,40.0,True,51.1199715451544,1.136450712466072,5.058023217591067,0.2001238087089423
361,False,0.0,45.0,0.08357287701541317,3.0,20.0,True,53.78609224193309,1.1711619763818917,5.397206712473788,0.15411764186170726
362,False,13.0,140.0,0.0028604873756993047,27.0,60.0,True,50.4523996479456,1.0227805565582526,5.254524007228157,0.026758592045251356
363,False,18.0,50.0,0.014378938734372038,9.0,40.0,True,51.80687944000692,1.0044144609617738,5.490268858042882,0.12057685628792464
364,False,14.0,80.0,2.3512355969040195e-05,52.0,120.0,True,52.22355869495638,1.1811627727091931,5.157209585242165,0.051711755574351675
365,False,8.0,105.0,2.2335258194775122e-05,45.0,120.0,True,52.48225525215247,1.0989131531345022,5.254524007228157,0.04748994979770743
366,False,17.0,85.0,0.00012004009949729992,20.0,100.0,True,53.05841202480529,1.0090719321477004,6.184557124401271,0.0864125910606243
367,False,10.0,60.0,0.08357287701541317,9.0,20.0,True,52.59992913291548,1.1919327770909223,5.397206712473788,0.02950427078601434
368,False,10.0,65.0,0.00042746551820246214,22.0,120.0,True,52.69308385437193,1.1903174689578262,5.397206712473788,0.026793787309756657
369,False,16.0,100.0,0.0005636602791566791,19.0,80.0,True,54.30663030648559,0.8998253604768267,6.464904349831043,0.02423272012966534
370,False,4.0,50.0,0.08357287701541317,3.0,20.0,True,50.21706363193183,0.7782310714928082,5.9762628149976855,0.029196089729254127
371,False,17.0,120.0,0.000565922507278108,23.0,80.0,True,53.59692269633611,0.8254219022534282,6.7711029823920015,0.06797914357349312
372,False,3.0,85.0,4.650663710441662e-06,47.0,140.0,True,55.24905027509182,0.9135656670769925,5.804247889354599,0.02886639313722641
373,False,10.0,90.0,2.3463177024575275e-05,29.0,120.0,True,53.204212669786145,1.1984489181093605,5.397206712473788,0.01639037489775629
374,False,14.0,120.0,2.3512355969040195e-05,54.0,120.0,True,52.48773912060735,1.1428967786627218,5.443936646892927,0.039096014893527244
375,False,8.0,135.0,0.0027175589195451984,30.0,60.0,True,52.50138222237334,1.0662822158647958,5.350068633107469,0.03821971125318323
376,False,18.0,145.0,0.000536299530926331,30.0,80.0,True,51.231912052840784,0.49535841117809215,6.695866169640375,0.08757423502253055
377,False,3.0,55.0,0.0027175589195451984,19.0,60.0,True,54.159453382069614,1.0422629132313155,5.671814154787007,0.05181948664576204
378,False,8.0,70.0,2.356163298699515e-05,32.0,120.0,True,52.152173893809355,1.1519118742129042,5.3025115238676035,0.06673295195209893
379,False,6.0,130.0,0.0027175589195451984,26.0,60.0,True,50.876829041074814,0.9789778954022814,5.933726595969213,0.159891508187382
380,False,5.0,140.0,0.0027175589195451984,30.0,60.0,True,56.49929634683504,0.6768892013428036,6.845512941670714,0.12056892154799068
381,False,1.0,80.0,0.0004486441505629272,30.0,120.0,True,50.71951265932938,1.0622716610529634,5.536213331493574,0.07993454713280429
382,False,4.0,55.0,0.08357287701541317,3.0,20.0,True,50.46242866490648,0.7340534854914621,6.143463266494789,0.025859282453995103
383,False,16.0,55.0,0.0028667189749903236,11.0,60.0,True,54.13095499826226,1.0090467870316435,5.933726595969213,0.031279157279240875
384,False,13.0,110.0,2.4748332066436374e-05,45.0,120.0,True,50.64900806617386,1.0586520992091661,5.206094181276915,0.030822833592996562
385,False,13.0,20.0,,,,False,50.29087206925258,1.175043262222977,4.853573446116123,0.10053916831651023
386,False,3.0,100.0,2.2335258194775122e-05,46.0,120.0,True,55.86420480108632,0.8319485131370933,5.804247889354599,0.022554587662311196
387,False,18.0,130.0,0.000536299530926331,29.0,80.0,True,51.51892853227605,0.5824404230047985,6.542797573583314,0.09106284799105246
388,False,8.0,100.0,2.2335258194775122e-05,41.0,120.0,True,52.48225525215247,1.112184789743281,5.254524007228157,0.04971430810165853
389,False,3.0,65.0,0.0027175589195451984,21.0,60.0,True,54.685002721608896,0.9827191678584898,5.716299653154471,0.045452215340522156
390,False,17.0,110.0,0.000536299530926331,24.0,80.0,True,53.652484672430916,0.88670240911926,6.464904349831043,0.07564090648192832
391,False,13.0,145.0,0.0027175589195451984,25.0,60.0,True,50.591783864340904,1.0148096832976372,5.254524007228157,0.026197686452177366
392,False,14.0,10.0,,,,False,51.09033779490378,1.0728043754709031,4.694396387418564,0.18960088244203385
393,False,13.0,75.0,0.005055785950888116,39.0,120.0,True,50.65063482147211,1.1079326118195605,5.107857162049657,0.04141322788102721
394,False,10.0,110.0,2.235870976719957e-05,30.0,120.0,True,53.40523628490096,1.1973494585122049,5.397206712473788,0.013767787866382058
395,False,1.0,95.0,0.00042917821272608556,37.0,120.0,True,50.52474186849419,1.0404036857123597,5.626976975981913,0.07865654710276354
396,False,13.0,55.0,,,,False,50.63070260763146,1.1217248570874885,5.058023217591067,0.05307178037264059
397,False,10.0,100.0,2.3426357066076453e-05,30.0,120.0,True,53.40523628490096,1.1841525140554947,5.397206712473788,0.013171779353497325
398,False,0.0,140.0,,,,False,54.421699599204715,1.0278889128877873,6.265936375467428,0.10311862362656396
399,False,12.0,40.0,0.08928610869705644,1.0,20.0,True,50.894353415014066,1.134962177351865,5.490268858042882,0.09303620720754999
400,False,6.0,15.0,,,,False,51.24935941584694,1.0873528081801789,4.801100840289844,0.2189934272704588
401,False,17.0,130.0,0.0889606609008043,1.0,20.0,True,53.9169656655352,0.7434870636134482,6.9556354985879105,0.06509800232869027
402,False,15.0,5.0,,,,False,52.14257779323933,1.0688828268998514,4.416370438623782,0.24558222396867763
403,False,10.0,70.0,0.0004289875974276592,20.0,120.0,True,52.77215264934014,1.1949991922548102,5.397206712473788,0.02171309832769333
404,False,17.0,15.0,0.9820537564630339,0.0,20.0,True,50.87015393909961,1.0788459054779105,4.801100840289844,0.2674899513982697
405,False,1.0,65.0,0.0004446862369967942,29.0,120.0,True,50.7390753524675,1.1135812172285124,5.443936646892927,0.08373754366256478
406,False,3.0,105.0,2.2335258194775122e-05,46.0,120.0,True,57.07421712786676,0.752644177902807,5.847726009252572,0.020391854149827228
407,False,0.0,65.0,0.0004282259264027666,40.0,120.0,True,53.61716319952628,1.1138083334474198,5.716299653154471,0.13395734908923426
408,False,11.0,55.0,,,,False,51.36405512787333,0.9837079860839485,5.3025115238676035,0.25369670812628337
409,False,0.0,90.0,2.2335258194775122e-05,44.0,120.0,True,54.014057960920596,1.1178866287937517,5.8908832442597845,0.11259296035425263
410,False,19.0,100.0,0.00010854035667974223,36.0,100.0,True,49.988834511469236,0.9062268250480248,5.716299653154471,0.04142520531299539
411,False,19.0,145.0,,,,False,49.281975734195385,0.4688925412519485,6.265936375467428,0.04452649855207067
412,False,3.0,45.0,0.0027175589195451984,18.0,60.0,True,54.1930427050817,1.0387268006129662,5.490268858042882,0.06762567057455858
413,False,1.0,115.0,0.002043518953152404,27.0,100.0,True,50.163070956509,0.9731017811840853,5.804247889354599,0.07308240674988592
414,False,19.0,20.0,,,,False,50.037738295608776,1.0878642775513672,4.956852532935281,0.07577873187814348
415,False,12.0,115.0,0.047403335363854666,9.0,60.0,True,51.17941256799994,1.039871490283849,6.01849841340311,0.07858126277753087
416,False,18.0,140.0,0.000536299530926331,28.0,80.0,True,51.30862474639343,0.49363398440383577,6.657928945514723,0.08851219740617766
417,False,3.0,35.0,0.0027175589195451984,19.0,60.0,True,53.67031075809586,1.015944907637046,5.397206712473788,0.08709941892682051
418,False,19.0,120.0,0.0028792193688574694,14.0,60.0,True,49.87774521583107,0.7471470882252608,5.8908832442597845,0.04139042042220265
419,False,14.0,100.0,2.3512355969040195e-05,56.0,120.0,True,52.12179687855979,1.183962381217652,5.350068633107469,0.042554957664466896
420,False,2.0,70.0,2.4516777788930023e-05,21.0,120.0,True,51.16263999953402,0.8874446935863143,5.804247889354599,0.031564940948196916
421,False,17.0,105.0,0.0005677383745754876,21.0,80.0,True,53.51208530367395,0.8975584661869785,6.464904349831043,0.07798967756188635
422,False,10.0,45.0,0.014378938734372038,7.0,40.0,True,52.23296879125069,1.218670566278779,5.254524007228157,0.04135397049505831
423,False,18.0,90.0,2.2335258194775122e-05,39.0,120.0,True,51.76455209107161,0.8162192679936235,6.102092672891746,0.10384982716664266
424,False,5.0,35.0,0.08357287701541317,6.0,20.0,True,52.323330736538686,1.0959999320187672,5.490268858042882,0.1276256851535768
425,False,1.0,120.0,0.010206357971301596,17.0,80.0,True,50.163070956509,0.9684607116893679,5.847726009252572,0.07106896942415028
426,False,15.0,40.0,0.014378938734372038,14.0,40.0,True,54.52937218561104,1.1037672609042923,5.397206712473788,0.07105859736549935
427,False,8.0,20.0,0.08357287701541317,7.0,20.0,True,51.921739096025306,1.1855754426795868,4.956852532935281,0.12844131875430947
428,False,11.0,140.0,0.0027175589195451984,13.0,60.0,True,50.82234404017182,0.6861538052751416,5.626976975981913,0.17444856047662838
429,False,15.0,90.0,0.002043518953152404,30.0,100.0,True,56.91365004698856,0.9868300330590685,5.804247889354599,0.05916528721610044
430,False,4.0,85.0,0.00010854035667974223,24.0,100.0,True,49.35171417357799,0.5187519776564926,6.542797573583314,0.0329293858241951
431,False,5.0,85.0,0.00010854035667974223,36.0,100.0,True,54.07584524916519,1.0072984289596394,6.01849841340311,0.11750654977456107
432,False,5.0,115.0,0.000536299530926331,33.0,80.0,True,54.76928446460546,0.8164655539075539,6.425603655241478,0.12019061741177103
433,False,4.0,90.0,0.00010854035667974223,25.0,100.0,True,49.39289412257389,0.4873255019361557,6.619774310753433,0.03484923448918408
434,False,0.0,10.0,,,,False,52.26611776663324,1.1101197763315407,4.300129767196177,0.25582870167748534
435,False,11.0,135.0,0.0027175589195451984,14.0,60.0,True,50.908825980337454,0.7181992955827412,5.581779641836362,0.18028114341578527
436,False,18.0,55.0,0.014378938734372038,12.0,40.0,True,51.885656667398656,0.9879213291702258,5.581779641836362,0.1199822924214327
437,False,15.0,10.0,,,,False,51.830480631989026,1.0508308145873022,4.748048373850056,0.16036528780173953
438,False,4.0,95.0,0.00010854035667974223,28.0,100.0,True,49.40524776075829,0.43084786689633947,6.808409617257876,0.035606797368120634
439,False,14.0,20.0,0.08357287701541317,12.0,20.0,True,51.38358751113478,1.2166058965818491,4.853573446116123,0.12572093219982255
440,False,10.0,50.0,0.014378938734372038,8.0,40.0,True,52.314678267009654,1.1892818543785104,5.3025115238676035,0.03660378652945214
441,False,2.0,100.0,0.0004466611021192348,26.0,120.0,True,50.965431749992106,0.6910651549573001,5.9762628149976855,0.03145368676717702
442,False,11.0,115.0,0.00010854035667974223,38.0,100.0,True,51.46050592720131,0.8394442740857084,5.443936646892927,0.19297642972486168
443,False,13.0,25.0,,,,False,50.44912079403697,1.1943899891032936,4.905484799187051,0.08673480833451097
444,False,17.0,55.0,0.0027235055417811197,10.0,60.0,True,52.53698806593691,1.0764537080667664,5.671814154787007,0.12770730876923303
445,False,13.0,35.0,,,,False,50.43150880126283,1.1962954448657843,5.007693376343903,0.06899780545390502
446,False,9.0,95.0,2.3549304528025793e-05,36.0,120.0,True,52.225412147967,1.1743551497787617,5.490268858042882,0.15849784700565805
447,False,9.0,65.0,0.047291748905880206,14.0,60.0,True,52.37025355921148,1.1891623369567725,5.397206712473788,0.1502231694622208
448,False,5.0,70.0,0.00010854035667974223,28.0,100.0,True,53.32233792891444,1.049084623126313,5.847726009252572,0.11919628158767091
449,False,12.0,35.0,0.08831263273085656,1.0,20.0,True,50.894353415014066,1.1379374187450928,5.443936646892927,0.09541641220093094
450,False,0.0,110.0,2.2335258194775122e-05,53.0,120.0,True,54.2831240234623,1.0670707120258347,5.9762628149976855,0.10201318566727757
451,False,11.0,95.0,0.00010854035667974223,34.0,100.0,True,51.917978203485326,0.8829383364709585,5.443936646892927,0.2067740908993366
452,False,0.0,60.0,0.00011382880757369759,34.0,100.0,True,53.61716319952628,1.0994859685735079,5.626976975981913,0.14378843352267365
453,False,12.0,45.0,0.08831263273085656,1.0,20.0,True,50.894353415014066,1.1316395986558379,5.536213331493574,0.09026732048170624
454,False,1.0,50.0,,,,False,50.76169708469044,1.129170785423552,5.397206712473788,0.09218074177391342
455,False,15.0,50.0,0.014378938734372038,16.0,40.0,True,54.43703203427355,1.1158024946373264,5.397206712473788,0.06940525391617192
456,False,4.0,10.0,0.08357287701541317,5.0,20.0,True,50.65019792056863,0.77918909225226,4.905484799187051,0.14708416180645537
457,False,7.0,130.0,0.014378938734372038,17.0,40.0,True,53.10661720963111,1.1069483419446027,5.671814154787007,0.21401867170989522
458,False,0.0,50.0,0.08357287701541317,5.0,20.0,True,53.54380975774908,1.1200364561240845,5.536213331493574,0.15082679977725486
459,False,18.0,110.0,2.2335258194775122e-05,44.0,120.0,True,51.50936894446815,0.6846527000383165,6.346272173317913,0.09483157981383546
460,False,0.0,105.0,2.2335258194775122e-05,51.0,120.0,True,54.014057960920596,1.0990924221747893,5.933726595969213,0.10506205786813694
461,False,14.0,140.0,0.014378938734372038,30.0,40.0,True,52.54645905485026,1.1197808999431826,5.490268858042882,0.03292485279164565
462,False,3.0,90.0,2.2335258194775122e-05,41.0,120.0,True,55.34959591485663,0.8882263381892017,5.804247889354599,0.028628404566123627
463,False,16.0,110.0,0.009824180568706745,19.0,80.0,True,54.653516317145545,0.8680758797280608,6.657928945514723,0.023301991927635362
464,False,14.0,45.0,0.08357287701541317,14.0,20.0,True,51.528994623939454,1.2111164779765227,5.107857162049657,0.06808527908879981
465,False,15.0,100.0,0.00011447950895610617,32.0,100.0,True,56.97667337858941,0.959090609310665,5.847726009252572,0.05771303339601918
466,False,18.0,85.0,2.3500052045738872e-05,33.0,120.0,True,51.76455209107161,0.8325224836207925,6.102092672891746,0.10463486566824942
467,False,19.0,15.0,0.08357287701541317,8.0,20.0,True,49.97905980798048,1.0719447713489947,4.853573446116123,0.09849059474941833
468,False,18.0,30.0,0.014378938734372038,9.0,40.0,True,52.64402596125965,1.050988019389312,5.3025115238676035,0.13847514916649659
469,False,18.0,35.0,0.014378938734372038,9.0,40.0,True,52.30803494105405,1.036635551793668,5.350068633107469,0.13773529411210536
470,False,9.0,75.0,2.3524666021933033e-05,29.0,120.0,True,52.138362699833536,1.1812041584096018,5.397206712473788,0.1539108959656188
471,False,14.0,60.0,0.08357287701541317,15.0,20.0,True,51.758463638677114,1.1857041441961065,5.107857162049657,0.056754276597892166
472,False,2.0,65.0,0.0004446862369967942,21.0,120.0,True,51.16263999953402,0.8983460693886364,5.760441618735983,0.03331978236409434
473,False,13.0,130.0,0.009830341525616737,24.0,80.0,True,50.591783864340904,1.0208359912624316,5.206094181276915,0.028822940810458945
474,False,8.0,115.0,2.2335258194775122e-05,46.0,120.0,True,52.50138222237334,1.0936656255625041,5.254524007228157,0.044643092050730075
475,False,9.0,25.0,0.08357287701541317,4.0,20.0,True,52.69513480069608,1.166852176387497,5.157209585242165,0.14670586033249675
476,False,0.0,80.0,2.2346981053038265e-05,46.0,120.0,True,54.09285418576051,1.115522548199468,5.8908832442597845,0.11903184204956936
477,False,16.0,25.0,0.002857376215908626,7.0,60.0,True,53.13791204065975,1.0932850697016523,5.157209585242165,0.06200919470802795
478,False,6.0,95.0,2.3487754249147602e-05,51.0,120.0,True,50.948189452992324,1.0936996994868233,5.536213331493574,0.15125064144224995
479,False,6.0,50.0,,,,False,51.16874040089806,1.119669350030637,5.443936646892927,0.1684145223069317
480,False,10.0,80.0,2.3524666021933033e-05,27.0,120.0,True,53.165607126136436,1.2366410408545938,5.397206712473788,0.020684254624867296
481,False,7.0,15.0,0.08357287701541317,6.0,20.0,True,51.426623952707914,1.147413418746217,4.801100840289844,0.34472108245524824
482,False,15.0,65.0,0.014378938734372038,15.0,40.0,True,55.39376749805329,1.0680947158461076,5.626976975981913,0.06313824954377674
483,False,5.0,55.0,0.08357287701541317,7.0,20.0,True,53.074397796472255,1.061234913857988,5.626976975981913,0.12841437518791043
484,False,5.0,30.0,0.08357287701541317,6.0,20.0,True,52.61909264021949,1.0813562869333742,5.443936646892927,0.1297025865042691
485,False,15.0,115.0,0.0027175589195451984,27.0,60.0,True,58.11877556519402,0.8598980992058738,6.143463266494789,0.0519676641890087
486,False,19.0,110.0,0.00010854035667974223,33.0,100.0,True,49.86571808869179,0.8590206859745625,5.716299653154471,0.04065211244607906
487,False,16.0,45.0,0.0028604873756993047,11.0,60.0,True,54.07744232967987,1.025021114864864,5.716299653154471,0.039372065988479595
488,False,12.0,120.0,0.04751514313372961,9.0,60.0,True,51.22677845364368,1.0263742698044767,6.01849841340311,0.07902595398754769
489,False,5.0,125.0,0.000536299530926331,36.0,80.0,True,55.43156883173448,0.780360753202402,6.503967571465592,0.12322158023514823
490,False,9.0,5.0,,,,False,51.38560217501316,1.0537483142263206,4.4733582205499385,0.2320437453375835
491,False,4.0,135.0,0.000536299530926331,33.0,80.0,True,87.5785355653416,0.5597121021306124,7.379711119532835,0.051321896561475094
492,False,0.0,95.0,2.3487754249147602e-05,46.0,120.0,True,54.014057960920596,1.1118125026914738,5.933726595969213,0.11064753528043965
493,False,2.0,120.0,0.0004514342256881019,28.0,120.0,True,50.55850053283456,0.5303574945870323,6.184557124401271,0.03108586244566872
494,False,15.0,35.0,0.014378938734372038,12.0,40.0,True,54.0963641587198,1.118463057926907,5.3025115238676035,0.07309143911939629
495,False,5.0,110.0,0.000536299530926331,34.0,80.0,True,54.65048595939983,0.8742457018412908,6.225379726827448,0.12048564698083467
496,False,3.0,95.0,2.2335258194775122e-05,46.0,120.0,True,55.69788926174725,0.8566046039838032,5.804247889354599,0.026038114694149007
497,False,17.0,60.0,0.00013452666923081326,12.0,100.0,True,52.70249410909261,1.0566843730486681,5.8908832442597845,0.11873414687841544
498,False,18.0,105.0,2.2335258194775122e-05,41.0,120.0,True,51.72004258369647,0.717758582702475,6.225379726827448,0.0949283243247715
499,False,1.0,25.0,,,,False,50.87139837866607,1.1303163999523622,5.058023217591067,0.11233711414679953
500,False,14.0,55.0,0.08357287701541317,13.0,20.0,True,51.60365645120428,1.214954837801156,5.107857162049657,0.05845854050277137
501,False,17.0,100.0,0.00010854035667974223,27.0,100.0,True,53.47774477198962,0.9359631083579669,6.386061103375143,0.08047508755864717
502,False,2.0,145.0,0.2284944698744361,7.0,40.0,True,49.82492059452788,0.21908447383910437,6.464904349831043,0.032547604451153164
503,False,1.0,75.0,0.00507057848698563,31.0,120.0,True,50.72859210328776,1.0924570861867604,5.536213331493574,0.08142514865393811
504,False,18.0,80.0,2.2335258194775122e-05,37.0,120.0,True,51.901667980659866,0.8702273176784603,6.01849841340311,0.10444424839533414
505,False,17.0,125.0,0.08357287701541317,2.0,20.0,True,53.96350492949579,0.781747664959241,6.919122724088987,0.06649361405760675
506,False,6.0,135.0,0.002720530746152272,26.0,60.0,True,50.86172570842139,0.9587124720960485,5.9762628149976855,0.15878551209409342
507,False,7.0,100.0,4.650663710441662e-06,62.0,140.0,True,52.74887740691605,1.1290034192222913,5.581779641836362,0.23161340986393078
508,False,14.0,90.0,2.2346981053038265e-05,55.0,120.0,True,52.01206163806462,1.1906580027557587,5.3025115238676035,0.04739239354968846
509,False,12.0,80.0,2.472250144245882e-05,31.0,120.0,True,51.52752981672522,1.0861085859725221,5.804247889354599,0.08672439022386609
510,False,0.0,40.0,,,,False,53.78609224193309,1.1854341225363623,5.397206712473788,0.15875327466458056
511,False,15.0,25.0,0.014378938734372038,12.0,40.0,True,53.07344000308785,1.1262145054778823,5.058023217591067,0.08304628180234003
512,False,8.0,90.0,2.2335258194775122e-05,44.0,120.0,True,52.286672937893435,1.1267766037841733,5.3025115238676035,0.054363692845370584
513,False,13.0,50.0,,,,False,50.54476118374049,1.1452538940632049,5.007693376343903,0.05718057658429085
514,False,14.0,95.0,2.3450897590837523e-05,52.0,120.0,True,52.0735860941252,1.1781573722890033,5.350068633107469,0.04363607855238287
515,False,5.0,50.0,0.08357287701541317,7.0,20.0,True,53.074397796472255,1.0614749666904453,5.536213331493574,0.12769017594605964
516,False,6.0,35.0,,,,False,51.036775975342664,1.0995686725164715,5.3025115238676035,0.17601484906845313
517,False,15.0,105.0,0.009836505925086374,28.0,80.0,True,57.38331693048412,0.9186908729761322,6.01849841340311,0.0553444406278444
518,False,7.0,75.0,4.650663710441662e-06,56.0,140.0,True,52.57141204156212,1.199850214963827,5.490268858042882,0.2552998413538878
519,False,0.0,135.0,,,,False,54.47061678426021,1.0317245231408634,6.265936375467428,0.10202735422301146
520,False,5.0,5.0,,,,False,51.98541670015463,0.7553461001310122,4.694396387418564,0.22087408956579854
521,False,14.0,70.0,0.0004289875974276592,46.0,120.0,True,52.22355869495638,1.1736247528046686,5.157209585242165,0.05205441754754598
522,False,11.0,15.0,,,,False,49.075855017599814,1.0881342159487144,4.4733582205499385,0.344349183858004
523,False,2.0,110.0,0.0004697606548913069,24.0,120.0,True,50.75234034397893,0.6121690534744182,6.01849841340311,0.03132822778268083
524,False,9.0,120.0,2.3487754249147602e-05,40.0,120.0,True,52.66601583004055,1.142428935703458,5.671814154787007,0.15146041873172417
525,False,12.0,95.0,0.00042784556456992883,36.0,120.0,True,50.88497945688669,1.0710094327641277,5.933726595969213,0.08338823908102289
526,False,7.0,110.0,4.650663710441662e-06,64.0,140.0,True,52.78233443892492,1.1205874078226037,5.581779641836362,0.22393525257231095
527,False,6.0,40.0,,,,False,50.96051194059598,1.1195518608015504,5.3025115238676035,0.1707330227193663
528,False,4.0,110.0,0.00010854035667974223,32.0,100.0,True,48.8922027720377,0.17331876124609863,7.064041544601175,0.04224913782566691
529,False,18.0,95.0,2.2335258194775122e-05,39.0,120.0,True,51.81842028441713,0.7866044686257314,6.102092672891746,0.10097753693806877
530,False,3.0,70.0,2.2335258194775122e-05,34.0,120.0,True,54.94750617572297,0.9509464089611748,5.760441618735983,0.04194829932719927
531,False,14.0,125.0,0.014378938734372038,27.0,40.0,True,52.43791690582338,1.144447886178058,5.490268858042882,0.03843636352914428
532,False,14.0,65.0,0.0004272756132430592,45.0,120.0,True,51.758463638677114,1.16651425646636,5.157209585242165,0.05536411913768467
533,False,3.0,140.0,0.000536299530926331,36.0,80.0,True,57.27744555270114,0.5571794974046402,6.01849841340311,0.011008444035960328
534,False,0.0,20.0,0.08357287701541317,9.0,20.0,True,52.849453250335884,1.2016211633502274,4.956852532935281,0.2220436618443089
535,False,7.0,140.0,0.014378938734372038,20.0,40.0,True,53.30466930064772,1.0817504478424427,5.804247889354599,0.20352628499373865
536,False,8.0,140.0,0.014378938734372038,15.0,40.0,True,52.44919938027296,1.0799079040509456,5.350068633107469,0.03867890008769771
537,False,15.0,70.0,0.014378938734372038,16.0,40.0,True,55.60466655075249,1.0587176895246448,5.671814154787007,0.061328345428308596
538,False,6.0,100.0,0.0004280357060381352,55.0,120.0,True,51.02259779218544,1.0897399804744778,5.581779641836362,0.15343131141126715
539,False,19.0,55.0,,,,False,50.12783173596772,1.0602738232805535,5.397206712473788,0.04613780011181401
540,False,8.0,145.0,0.08357287701541317,9.0,20.0,True,52.33803154613638,1.0774145310754946,5.350068633107469,0.03688200057968476
541,False,14.0,15.0,0.08357287701541317,11.0,20.0,True,51.05316039053286,1.118469662775167,4.853573446116123,0.14962944548625592
542,False,14.0,135.0,0.014378938734372038,30.0,40.0,True,52.499396365542985,1.1473611462972821,5.490268858042882,0.033614794977387195
543,False,3.0,75.0,2.2335258194775122e-05,35.0,120.0,True,55.03706495476536,0.9554914719334545,5.760441618735983,0.038269158260142884
544,False,6.0,90.0,0.002043518953152404,40.0,100.0,True,50.87431713186889,1.1025912066229582,5.536213331493574,0.15457050905881262
545,False,4.0,65.0,0.000536299530926331,19.0,80.0,True,50.068350121119245,0.6189190350105357,6.346272173317913,0.028605280502275583
546,False,9.0,55.0,0.08357287701541317,3.0,20.0,True,52.230672173494014,1.1923343806479991,5.397206712473788,0.1461095375670305
547,False,9.0,50.0,0.08357287701541317,5.0,20.0,True,52.230672173494014,1.1760193047808674,5.397206712473788,0.14679649263899955
548,False,19.0,65.0,2.235870976719957e-05,44.0,120.0,True,49.92216383491672,1.0447106710943501,5.443936646892927,0.04224599722926776
549,False,6.0,20.0,,,,False,50.959933947308336,1.1033342600231,4.853573446116123,0.19519338318098733
550,False,11.0,110.0,0.00011440703592898981,34.0,100.0,True,51.5114870923228,0.8270547094979587,5.443936646892927,0.19620265691395997
551,False,15.0,80.0,0.0050631773352911805,31.0,120.0,True,56.45101016128504,1.0350630172648958,5.716299653154471,0.06249459975294679
552,False,18.0,100.0,2.2335258194775122e-05,40.0,120.0,True,51.72892880513943,0.7671336053508474,6.102092672891746,0.09702841208109246
553,False,19.0,85.0,5.120964902434861e-06,45.0,140.0,True,49.83087382420139,0.9674630952207128,5.490268858042882,0.04299479631201319
554,False,0.0,100.0,2.2346981053038265e-05,49.0,120.0,True,54.014057960920596,1.0964841860667665,5.933726595969213,0.10692807308625371
555,False,16.0,95.0,0.00011447950895610617,26.0,100.0,True,54.312269267854276,0.9116943990753359,6.425603655241478,0.02444050238324833
556,False,16.0,20.0,0.08357287701541317,4.0,20.0,True,52.984161278224434,1.117372550621341,5.007693376343903,0.07376136936513947
557,False,3.0,15.0,0.014378938734372038,11.0,40.0,True,52.57505065979969,1.0702942763956895,4.905484799187051,0.1422568212736308
558,False,17.0,145.0,0.08357287701541317,3.0,20.0,True,54.064544064173674,0.5836576000651443,7.481975271436791,0.058587371740164755
559,False,14.0,30.0,0.08357287701541317,13.0,20.0,True,51.51319294749089,1.2022802179672527,5.007693376343903,0.08972319089185314
560,False,7.0,60.0,2.2335258194775122e-05,49.0,120.0,True,52.619898692526554,1.1910711297886127,5.490268858042882,0.2608151780571238
561,False,15.0,60.0,0.014378938734372038,18.0,40.0,True,55.24226694752471,1.0837473386015342,5.581779641836362,0.06009812914354153
562,False,7.0,30.0,0.0027175589195451984,20.0,60.0,True,52.04572611682494,1.1830542114192604,5.107857162049657,0.29204381841877064
